_,PS,PS_prov,PS_search,base,base_prov,base_search
1,0.03959,0.00707,0.03251,0.00000,0.00000,0.00000
2,0.04370,0.00595,0.03775,0.00000,0.00000,0.00000
3,0.04262,0.00557,0.03706,0.00000,0.00000,0.00000
4,0.04277,0.00582,0.03696,0.00000,0.00000,0.00000
5,0.04224,0.00584,0.03740,0.00000,0.00000,0.00000
6,0.04944,0.00520,0.04423,0.00000,0.00000,0.00000
