_,PS,PS_prov,PS_search,base,base_prov,base_search
1,0.06877,0.00721,0.06156,0.00000,0.00000,0.00000
2,0.06911,0.00587,0.06323,0.00000,0.00000,0.00000
3,0.06722,0.00615,0.06106,0.00000,0.00000,0.00000
4,0.06717,0.00592,0.06125,0.00000,0.00000,0.00000
5,0.06756,0.00638,0.06118,0.00000,0.00000,0.00000
6,0.07745,0.00631,0.07114,0.00000,0.00000,0.00000
