income,PS,LT
1,0.00252,0.00252,0.00000,0.00000,0.00000,0.00000
2,0.00173,0.00173,0.00000,0.00000,0.00000,0.00000
3,0.02845,0.00630,0.02215,0.00000,0.00000,0.00000
4,0.04328,0.00547,0.03781,0.00000,0.00000,0.00000
5,0.05989,0.00557,0.05432,0.00000,0.00000,0.00000
6,0.07645,0.00527,0.07117,0.00000,0.00000,0.00000
7,0.09915,0.00507,0.09408,0.00000,0.00000,0.00000
8,0.12595,0.00534,0.12061,0.00000,0.00000,0.00000
