income,PS,LT
1,13.07494,0.00813,13.06681,0.00000,0.00000,0.00000
2,12.93557,0.00709,12.92847,0.00000,0.00000,0.00000
3,12.90767,0.00658,12.90109,0.00000,0.00000,0.00000
4,13.73745,0.00645,13.73100,0.00000,0.00000,0.00000
5,10.28749,0.00669,10.28080,0.00000,0.00000,0.00000
6,6.63688,0.00643,6.63045,0.00000,0.00000,0.00000
7,4.72198,0.00644,4.71553,0.00000,0.00000,0.00000
8,0.19951,0.00616,0.19335,0.00000,0.00000,0.00000
