income,PS,LT
2,0.00336,0.00336,0.00000,0.00000,0.00000,0.00000
3,0.05705,0.00672,0.05033,0.00000,0.00000,0.00000
4,0.17042,0.00700,0.16341,0.00000,0.00000,0.00000
5,0.19966,0.00632,0.19334,0.00000,0.00000,0.00000
6,0.19503,0.00616,0.18886,0.00000,0.00000,0.00000
7,0.20197,0.00685,0.19512,0.00000,0.00000,0.00000
8,0.19936,0.00656,0.19280,0.00000,0.00000,0.00000
9,0.19939,0.00726,0.19212,0.00000,0.00000,0.00000
