_,PS,PS_prov,PS_search,base,base_prov,base_search
1,0.01171,0.00869,0.00302,0.00000,0.00000,0.00000
2,0.01001,0.00707,0.00293,0.00000,0.00000,0.00000
