_,PS,PS_prov,PS_search,base,base_prov,base_search
1,2.76619,0.01325,2.75294,0.00000,0.00000,0.00000
2,2.75887,0.00619,2.75268,0.00000,0.00000,0.00000
3,2.90433,0.00654,2.89779,0.00000,0.00000,0.00000
4,2.86576,0.00622,2.85953,0.00000,0.00000,0.00000
5,4.87486,0.00623,4.86864,0.00000,0.00000,0.00000
6,5.02567,0.00627,5.01939,0.00000,0.00000,0.00000
