income,PS,LT
1,0.04313,0.00751,0.03562,0.00000,0.00000,0.00000
2,0.05094,0.00571,0.04523,0.00000,0.00000,0.00000
3,0.05069,0.00587,0.04481,0.00000,0.00000,0.00000
4,0.05968,0.00545,0.05423,0.00000,0.00000,0.00000
5,0.06045,0.00546,0.05499,0.00000,0.00000,0.00000
6,0.06134,0.00574,0.05560,0.00000,0.00000,0.00000
7,0.07583,0.00578,0.07005,0.00000,0.00000,0.00000
8,0.09234,0.00583,0.08652,0.00000,0.00000,0.00000
