_,PS,PS_prov,PS_search,base,base_prov,base_search
1,0.02154,0.00645,0.01509,0.00000,0.00000,0.00000
2,0.02229,0.00494,0.01735,0.00000,0.00000,0.00000
3,0.02214,0.00483,0.01731,0.00000,0.00000,0.00000
4,0.02236,0.00494,0.01741,0.00000,0.00000,0.00000
5,0.02826,0.00491,0.02335,0.00000,0.00000,0.00000
6,0.02790,0.00535,0.02255,0.00000,0.00000,0.00000
