_,PS,PS_prov,PS_search,base,base_prov,base_search
1,2.06582,0.01003,2.05579,0.00000,0.00000,0.00000
2,2.04837,0.00934,2.03903,0.00000,0.00000,0.00000
3,1.96084,0.00935,1.95149,0.00000,0.00000,0.00000
4,3.65813,0.00886,3.64927,0.00000,0.00000,0.00000
5,3.62647,0.00854,3.61793,0.00000,0.00000,0.00000
6,4.33142,0.00857,4.32285,0.00000,0.00000,0.00000
