income,PS,LT
1,0.03845,0.00726,0.03119,0.00000,0.00000,0.00000
2,0.03154,0.00585,0.02568,0.00000,0.00000,0.00000
3,0.02529,0.00566,0.01963,0.00000,0.00000,0.00000
4,0.00178,0.00178,0.00000,0.00000,0.00000,0.00000
5,0.00175,0.00175,0.00000,0.00000,0.00000,0.00000
6,0.00166,0.00166,0.00000,0.00000,0.00000,0.00000
7,0.00162,0.00162,0.00000,0.00000,0.00000,0.00000
8,0.00174,0.00174,0.00000,0.00000,0.00000,0.00000
