_,PS,PS_prov,PS_search,base,base_prov,base_search
1,8.79519,0.00891,8.78627,0.00000,0.00000,0.00000
2,8.92461,0.00735,8.91726,0.00000,0.00000,0.00000
3,8.88949,0.00796,8.88153,0.00000,0.00000,0.00000
4,10.00470,0.00704,9.99766,0.00000,0.00000,0.00000
5,9.84218,0.00711,9.83507,0.00000,0.00000,0.00000
6,9.98703,0.00699,9.98004,0.00000,0.00000,0.00000
