_,PS,PS_prov,PS_search,base,base_prov,base_search
7,72.46544,0.01180,72.45364,0.00000,0.00000,0.00000
8,63.41210,0.01061,63.40149,0.00000,0.00000,0.00000
