income,PS,LT
2,6.05229,0.00907,6.04322,0.00000,0.00000,0.00000
3,6.05244,0.00753,6.04491,0.00000,0.00000,0.00000
4,8.91509,0.00729,8.90780,0.00000,0.00000,0.00000
5,10.12448,0.00728,10.11719,0.00000,0.00000,0.00000
6,10.21784,0.00767,10.21018,0.00000,0.00000,0.00000
7,10.24063,0.00667,10.23395,0.00000,0.00000,0.00000
8,10.21484,0.00722,10.20763,0.00000,0.00000,0.00000
9,10.37065,0.00705,10.36361,0.00000,0.00000,0.00000
