_,PS,PS_prov,PS_search,base,base_prov,base_search
1,0.06065,0.00764,0.05401,0.00000,0.00000,0.00000
2,0.05982,0.00570,0.05412,0.00000,0.00000,0.00000
3,0.05978,0.00606,0.05372,0.00000,0.00000,0.00000
4,0.06474,0.00581,0.05893,0.00000,0.00000,0.00000
5,0.06356,0.00542,0.05814,0.00000,0.00000,0.00000
6,0.07978,0.00578,0.07400,0.00000,0.00000,0.00000
