income,PS,LT
2,0.00307,0.00307,0.00000,0.00000,0.00000,0.00000
3,0.00203,0.00203,0.00000,0.00000,0.00000,0.00000
4,0.03626,0.00613,0.03013,0.00000,0.00000,0.00000
5,0.07925,0.00560,0.07365,0.00000,0.00000,0.00000
6,0.09181,0.00598,0.08583,0.00000,0.00000,0.00000
7,0.10730,0.00602,0.10128,0.00000,0.00000,0.00000
8,0.11356,0.00575,0.10781,0.00000,0.00000,0.00000
9,0.10748,0.00583,0.10165,0.00000,0.00000,0.00000
