_,PS,PS_prov,PS_search,base,base_prov,base_search
1,24.77119,0.00868,24.76251,0.00000,0.00000,0.00000
2,39.99212,0.00747,39.98464,0.00000,0.00000,0.00000
3,40.43520,0.00720,40.42800,0.00000,0.00000,0.00000
4,40.27270,0.00720,40.26549,0.00000,0.00000,0.00000
5,39.79119,0.00758,39.78361,0.00000,0.00000,0.00000
6,39.09002,0.00739,39.08264,0.00000,0.00000,0.00000
