income,PS,LT
2,0.05234,0.00767,0.04467,0.00000,0.00000,0.00000
3,0.03860,0.00580,0.03280,0.00000,0.00000,0.00000
4,0.02784,0.00667,0.02118,0.00000,0.00000,0.00000
5,0.00268,0.00268,0.00000,0.00000,0.00000,0.00000
6,0.00202,0.00202,0.00000,0.00000,0.00000,0.00000
7,0.00199,0.00199,0.00000,0.00000,0.00000,0.00000
8,0.00226,0.00226,0.00000,0.00000,0.00000,0.00000
9,0.00203,0.00203,0.00000,0.00000,0.00000,0.00000
