income,PS,LT
1,0.05289,0.00681,0.04608,0.00000,0.00000,0.00000
2,0.04690,0.00524,0.04166,0.00000,0.00000,0.00000
3,0.04117,0.00580,0.03537,0.00000,0.00000,0.00000
4,0.03565,0.00532,0.03033,0.00000,0.00000,0.00000
5,0.03351,0.00611,0.02740,0.00000,0.00000,0.00000
6,0.02788,0.00565,0.02223,0.00000,0.00000,0.00000
7,0.02381,0.00537,0.01845,0.00000,0.00000,0.00000
8,0.00206,0.00206,0.00000,0.00000,0.00000,0.00000
