_,PS,PS_prov,PS_search,base,base_prov,base_search
1,0.04850,0.00713,0.04136,0.00000,0.00000,0.00000
2,0.03178,0.00549,0.02629,0.00000,0.00000,0.00000
3,0.02576,0.00570,0.02006,0.00000,0.00000,0.00000
4,0.02556,0.00543,0.02012,0.00000,0.00000,0.00000
5,0.02485,0.00543,0.01942,0.00000,0.00000,0.00000
6,0.02562,0.00530,0.02031,0.00000,0.00000,0.00000
