income,PS,LT
2,0.05811,0.00729,0.05082,0.00000,0.00000,0.00000
3,0.04770,0.00600,0.04169,0.00000,0.00000,0.00000
4,0.03800,0.00623,0.03177,0.00000,0.00000,0.00000
5,0.00248,0.00248,0.00000,0.00000,0.00000,0.00000
6,0.00209,0.00209,0.00000,0.00000,0.00000,0.00000
7,0.00202,0.00202,0.00000,0.00000,0.00000,0.00000
8,0.00193,0.00193,0.00000,0.00000,0.00000,0.00000
9,0.00193,0.00193,0.00000,0.00000,0.00000,0.00000
