income,PS,LT
1,0.00265,0.00265,0.00000,0.00000,0.00000,0.00000
2,0.00171,0.00171,0.00000,0.00000,0.00000,0.00000
3,0.07447,0.00689,0.06757,0.00000,0.00000,0.00000
4,0.33122,0.00644,0.32477,0.00000,0.00000,0.00000
5,1.34858,0.00624,1.34234,0.00000,0.00000,0.00000
6,2.26838,0.00623,2.26216,0.00000,0.00000,0.00000
7,2.43625,0.00636,2.42989,0.00000,0.00000,0.00000
8,2.49526,0.00632,2.48894,0.00000,0.00000,0.00000
