_,PS,PS_prov,PS_search,base,base_prov,base_search
1,0.05238,0.00718,0.04520,0.00000,0.00000,0.00000
2,0.05220,0.00546,0.04674,0.00000,0.00000,0.00000
3,0.05040,0.00559,0.04481,0.00000,0.00000,0.00000
4,0.03137,0.00533,0.02605,0.00000,0.00000,0.00000
5,0.03229,0.00535,0.02694,0.00000,0.00000,0.00000
6,0.03257,0.00540,0.02717,0.00000,0.00000,0.00000
