_,PS,PS_prov,PS_search,base,base_prov,base_search
1,0.03801,0.00704,0.03096,0.00000,0.00000,0.00000
2,0.03615,0.00582,0.03033,0.00000,0.00000,0.00000
3,0.03872,0.00605,0.03267,0.00000,0.00000,0.00000
4,0.04766,0.00617,0.04149,0.00000,0.00000,0.00000
5,0.05854,0.00538,0.05316,0.00000,0.00000,0.00000
6,0.06053,0.00530,0.05523,0.00000,0.00000,0.00000
