_,PS,PS_prov,PS_search,base,base_prov,base_search
1,0.05725,0.00774,0.04951,0.00000,0.00000,0.00000
2,0.05499,0.00634,0.04864,0.00000,0.00000,0.00000
3,0.06611,0.00633,0.05978,0.00000,0.00000,0.00000
4,0.06537,0.00633,0.05903,0.00000,0.00000,0.00000
5,0.11347,0.00635,0.10712,0.00000,0.00000,0.00000
6,0.10970,0.00658,0.10312,0.00000,0.00000,0.00000
