income,PS,LT
2,30.92885,0.00845,30.92040,0.00000,0.00000,0.00000
3,26.37359,0.00726,26.36633,0.00000,0.00000,0.00000
4,18.31833,0.00691,18.31142,0.00000,0.00000,0.00000
5,12.81090,0.00681,12.80409,0.00000,0.00000,0.00000
6,9.21066,0.00689,9.20377,0.00000,0.00000,0.00000
7,8.95222,0.00646,8.94577,0.00000,0.00000,0.00000
8,9.13631,0.00666,9.12964,0.00000,0.00000,0.00000
9,9.28683,0.00673,9.28010,0.00000,0.00000,0.00000
