_,PS,PS_prov,PS_search,base,base_prov,base_search
1,0.07642,0.00755,0.06887,0.00000,0.00000,0.00000
2,0.05174,0.00590,0.04584,0.00000,0.00000,0.00000
3,0.08045,0.00585,0.07460,0.00000,0.00000,0.00000
4,0.04313,0.00600,0.03712,0.00000,0.00000,0.00000
5,0.11027,0.00557,0.10470,0.00000,0.00000,0.00000
6,0.07782,0.00589,0.07193,0.00000,0.00000,0.00000
