_,PS,PS_prov,PS_search,base,base_prov,base_search
1,10.48159,0.00803,10.47355,0.00000,0.00000,0.00000
2,10.49432,0.00698,10.48734,0.00000,0.00000,0.00000
3,10.26112,0.00648,10.25465,0.00000,0.00000,0.00000
4,10.24550,0.00655,10.23896,0.00000,0.00000,0.00000
5,10.25309,0.00640,10.24669,0.00000,0.00000,0.00000
6,6.03419,0.00653,6.02766,0.00000,0.00000,0.00000
