income,PS,LT
2,39.79732,0.00889,39.78843,0.00000,0.00000,0.00000
3,40.12133,0.00756,40.11377,0.00000,0.00000,0.00000
4,39.68685,0.00746,39.67939,0.00000,0.00000,0.00000
5,40.19795,0.00784,40.19011,0.00000,0.00000,0.00000
6,40.50035,0.00787,40.49247,0.00000,0.00000,0.00000
7,40.12551,0.00804,40.11747,0.00000,0.00000,0.00000
8,40.29396,0.00754,40.28642,0.00000,0.00000,0.00000
9,40.50090,0.00718,40.49372,0.00000,0.00000,0.00000
