income,PS,LT
2,0.10721,0.00740,0.09981,0.00000,0.00000,0.00000
3,0.04643,0.00684,0.03958,0.00000,0.00000,0.00000
4,0.00223,0.00223,0.00000,0.00000,0.00000,0.00000
5,0.00196,0.00196,0.00000,0.00000,0.00000,0.00000
6,0.00194,0.00194,0.00000,0.00000,0.00000,0.00000
7,0.00223,0.00223,0.00000,0.00000,0.00000,0.00000
8,0.00227,0.00227,0.00000,0.00000,0.00000,0.00000
9,0.00220,0.00220,0.00000,0.00000,0.00000,0.00000
