_,PS,PS_prov,PS_search,base,base_prov,base_search
1,0.05608,0.00757,0.04851,0.00000,0.00000,0.00000
2,0.04988,0.00587,0.04401,0.00000,0.00000,0.00000
3,0.04095,0.00606,0.03489,0.00000,0.00000,0.00000
4,0.03082,0.00624,0.02458,0.00000,0.00000,0.00000
5,0.03115,0.00599,0.02515,0.00000,0.00000,0.00000
6,0.02367,0.00569,0.01798,0.00000,0.00000,0.00000
