_,PS,PS_prov,PS_search,base,base_prov,base_search
1,3.78287,0.01021,3.77266,0.00000,0.00000,0.00000
2,3.65360,0.00878,3.64482,0.00000,0.00000,0.00000
3,3.60465,0.00880,3.59586,0.00000,0.00000,0.00000
4,3.60124,0.00859,3.59264,0.00000,0.00000,0.00000
5,0.01898,0.00845,0.01053,0.00000,0.00000,0.00000
6,0.01864,0.00794,0.01071,0.00000,0.00000,0.00000
