_,PS,PS_prov,PS_search,base,base_prov,base_search
1,18.78866,0.00852,18.78013,0.00000,0.00000,0.00000
2,18.57451,0.00699,18.56752,0.00000,0.00000,0.00000
3,18.50666,0.00661,18.50005,0.00000,0.00000,0.00000
4,19.15315,0.00686,19.14629,0.00000,0.00000,0.00000
5,19.72350,0.00695,19.71655,0.00000,0.00000,0.00000
6,19.31197,0.00719,19.30478,0.00000,0.00000,0.00000
