income,PS,LT
2,0.03717,0.00775,0.02943,0.00000,0.00000,0.00000
3,0.05418,0.00627,0.04791,0.00000,0.00000,0.00000
4,0.06989,0.00637,0.06352,0.00000,0.00000,0.00000
5,0.10478,0.00611,0.09867,0.00000,0.00000,0.00000
6,0.12300,0.00605,0.11695,0.00000,0.00000,0.00000
7,0.12225,0.00677,0.11548,0.00000,0.00000,0.00000
8,0.12502,0.00582,0.11920,0.00000,0.00000,0.00000
9,0.12221,0.00600,0.11621,0.00000,0.00000,0.00000
