income,PS,LT
2,0.00318,0.00318,0.00000,0.00000,0.00000,0.00000
3,0.00246,0.00246,0.00000,0.00000,0.00000,0.00000
4,0.03783,0.00631,0.03152,0.00000,0.00000,0.00000
5,0.06699,0.00539,0.06160,0.00000,0.00000,0.00000
6,0.06954,0.00553,0.06400,0.00000,0.00000,0.00000
7,0.07030,0.00613,0.06417,0.00000,0.00000,0.00000
8,0.10756,0.00549,0.10207,0.00000,0.00000,0.00000
9,0.10895,0.00568,0.10327,0.00000,0.00000,0.00000
