_,PS,PS_prov,PS_search,base,base_prov,base_search
1,7.35883,0.01233,7.34649,0.00000,0.00000,0.00000
2,30.35921,0.01037,30.34885,0.00000,0.00000,0.00000
3,12.51258,0.01189,12.50069,0.00000,0.00000,0.00000
4,2.65516,0.01044,2.64472,0.00000,0.00000,0.00000
5,0.88185,0.01046,0.87138,0.00000,0.00000,0.00000
6,0.20946,0.01040,0.19906,0.00000,0.00000,0.00000
